"Practice Name","Contact Name",phone,City,"Address Street","Address State","Address Country","Address PostCode","Funding Scheme","Area(s) of Practice"
"Irabina Autism Services","Tingting Wang",N/A,N/A,N/A,N/A,N/A,N/A,"AutismSpectrumDisorders,EnhancedPrimaryCare,MedicareandBetterAccesstoMentalHealth,NDIS","AgedCarePractice,CulturalCompetency,Disability,MentalHealthinc.forensicAODandrefugees,NDISPractice"
"OT4Kids on the Move",N/A,N/A,N/A,N/A,N/A,N/A,N/A,N/A,N/A
"Lime Occupational Therapy","Renee Kelly",0428606349,"153 Lime Avenue ",MILDURA,VIC,AUSTRALIA,"3500 ","AgedCare(CommonwealthHomeSupportProgramme/HomeCarePackages),Aidsandequipmentschemes(stateandterritory),AutismSpectrumDisorders,Comcare,DepartmentofVeterans'Affairs(DVA),EnhancedPrimaryCare,iCare(NSW),LifetimeCareandSupport(ACT,SA),Medicare,Medicare-ChronicDiseaseManagement,MedicareandBetterAccesstoMentalHealth,NDIS,TAC(VIC),WorkSafe(VIC,ACT,NT,TAS),BetterAccesstoMentalHealth(BAMH)Endorsed","AutismSpectrumDisorder,HandTherapy/Lymphedema,IntellectualDisability,Leadership/Management,NDISPractice,NeurologicalConditions,PainManagement,PalliativeCareandOncology,PrivatePracticeArea,Rehabilitation,Modifications/Access,Disability,OH&S/Ergonomics,Paediatrics,AssistiveTechnology"
"Occupational Consultants","Riley Cooper",0478900222,"10 DUKE STREET ",ASCOT,QLD,AUSTRALIA,"4007 ","DepartmentofVeterans'Affairs(DVA),NDIS,Workcover(QLD,WA),Workerscompensationschemes(stateandterritory),Transportaccidentbodies(stateandterritory),Aidsandequipmentschemes(stateandterritory)","Disability,Modifications/Access,NDISPractice,NeurologicalConditions,AssistiveTechnology,Driving,Medico-LegalPractice,OH&S/Ergonomics,OccupationalRehab,PrivatePracticeArea,OtherPractice,PainManagement"
"Jan Nathan","Jan Nathan",N/A,"PO Box 176 ",CHEWTON,VIC,AUSTRALIA,"3451 ","TAC(VIC),AgedCare(CommonwealthHomeSupportProgramme/HomeCarePackages),Aidsandequipmentschemes(stateandterritory),DepartmentofVeterans'Affairs(DVA),NDIS,Transportaccidentbodies(stateandterritory)","Disability,AssistiveTechnology,NDISPractice,AgedCarePractice,PrivatePracticeArea,Modifications/Access"
"Direct Occupational Therapy Services","Belinda Dwyer",N/A,"PO Box 1150 ","GLENELG SOUTH",SA,AUSTRALIA,"5045 ","AgedCare(CommonwealthHomeSupportProgramme/HomeCarePackages),Workerscompensationschemes(stateandterritory),Transportaccidentbodies(stateandterritory),Aidsandequipmentschemes(stateandterritory),EnhancedPrimaryCare,LifetimeCareandSupport(ACT,SA),MAC,Medicare-ChronicDiseaseManagement,NDIS,ReturntoWork(SA)","OH&S/Ergonomics,Rehabilitation,Modifications/Access,OccupationalRehab,NDISPractice,PrivatePracticeArea,AssistiveTechnology,Medico-LegalPractice"
"Engage OT","Deborah O'Brien",N/A,"20 Queen St ",ARARAT,VIC,AUSTRALIA,"3377 ","AgedCare(CommonwealthHomeSupportProgramme/HomeCarePackages),Aidsandequipmentschemes(stateandterritory),AutismSpectrumDisorders,DepartmentofVeterans'Affairs(DVA),NDIS,TAC(VIC),Transportaccidentbodies(stateandterritory),Workcover(QLD,WA),Workerscompensationschemes(stateandterritory)","OH&S/Ergonomics,PrimaryHealth,AssistiveTechnology,NDISPractice,PrivatePracticeArea,Disability,Modifications/Access"
"Silvana Izzo","Silvana Izzo",0437852391,N/A,N/A,N/A,N/A,N/A,"NDIS,Medicare-ChronicDiseaseManagement,EnhancedPrimaryCare,AutismSpectrumDisorders,Transportaccidentbodies(stateandterritory),WorkSafe(VIC,ACT,NT,TAS),Workerscompensationschemes(stateandterritory),TAC(VIC)","AutismSpectrumDisorder,CarerandConsumerFocus,CulturalCompetency,Disability,IntellectualDisability,KnowledgeTranslation,Leadership/Management,NDISPractice,NeurologicalConditions,Paediatrics,PolicyandProcess,PrimaryHealth,PrivatePracticeArea,ProfessionalSupervision,Research/Education"
"Victorian Transcultural Mental Health",N/A,0437852391,N/A,N/A,N/A,N/A,N/A,N/A,N/A
"Vision Australia","Brooke Tunks",N/A,N/A,BRISBANE,QUEENSLAND,N/A,N/A,"AgedCare(CommonwealthHomeSupportProgramme/HomeCarePackages),Medicare,NDIS,Medicare-ChronicDiseaseManagement","VisionImpairment,AssistiveTechnology,Disability,Modifications/Access,NDISPractice,Paediatrics,PrivatePracticeArea"
"Purple Patch Therapy","Cynthia Wieman",0499775272,"PO Box 62 ",BENTLEY,WA,AUSTRALIA,"6982 ",NDIS,"NDISPractice,Disability"
"Independent Rehabilitation Service","Emily Lalor",N/A,"47 KARNAK RD ",ASHBURTON,VIC,AUSTRALIA,"3147 ","AgedCare(CommonwealthHomeSupportProgramme/HomeCarePackages),Medicare,NDIS,TAC(VIC),DepartmentofVeterans'Affairs(DVA),WorkSafe(VIC,ACT,NT,TAS)","Disability,NDISPractice,Modifications/Access,NeurologicalConditions,PainManagement,PrivatePracticeArea,Rehabilitation,Research/Education,AgedCarePractice,AssistiveTechnology,KnowledgeTranslation,Leadership/Management,NonClinicalProfessionalDevelopment,ProfessionalSupervision,VisionImpairment,PolicyandProcess"
"Early in Life Mental Health Service, Monash Health","Kyle Parsons",N/A,"145 CLEELAND ST ",DANDENONG,VIC,AUSTRALIA,"3175 ",N/A,N/A
"Incite Solutions Group","Rozanne Biddle",N/A,N/A,"Unit 15E","817 Beeliar Drive ",AUSTRALIA,N/A,"Workerscompensationschemes(stateandterritory),Transportaccidentbodies(stateandterritory),iCare(NSW),DepartmentofVeterans'Affairs(DVA),Comcare","OccupationalRehab,Leadership/Management,Medico-LegalPractice,Research/Education,Disability,Rehabilitation,OH&S/Ergonomics"
"The Whole Child","Crystel Poggioli",0481099874,"PO Box 1197 ",ATHERTON,QLD,AUSTRALIA,"4883 ","AutismSpectrumDisorders,Medicare,Medicare-ChronicDiseaseManagement,NDIS,BetterAccesstoMentalHealth(BAMH)Endorsed","NDISPractice,PrivatePracticeArea,Disability,Paediatrics"
"Active One Health Professional Group","Emily Clough",N/A,"25 YUILLE ST ",FRANKSTON,VIC,AUSTRALIA,"3199 ",NDIS,"Disability,IntellectualDisability,Modifications/Access,NDISPractice,PrivatePracticeArea"
"Shining Star Occupational Therapy","Cecily Kelly",0499921920,"2/319 Urana Road ",LAVINGTON,NSW,AUSTRALIA,"2640 ","AutismSpectrumDisorders,Medicare,EnhancedPrimaryCare,NDIS","Disability,NDISPractice,Paediatrics,PrivatePracticeArea"
"MAX Solutions / Assessments Australia","Scott Laing",0434606934,"Level 3/470 Collins St ",MELBOURNE,VIC,AUSTRALIA,"3000 ",N/A,"Disability,Research/Education,Rehabilitation,OH&S/Ergonomics,Modifications/Access"
Interface,"Mariann Power",N/A,N/A,"Level 1","(Wotso) 9 - 13 Bronte Road ",AUSTRALIA,N/A,"SIRA(NSW),LifetimeCareandSupport(ACT,SA),iCare(NSW)","Medico-LegalPractice,NonClinicalProfessionalDevelopment,PrivatePracticeArea,PainManagement,OH&S/Ergonomics,Rehabilitation"
"NAPA Centre","Alice Lockwood",N/A,"2 LINCOLN ST ","LANE COVE WEST",NSW,AUSTRALIA,"2066 ","NDIS,BetterAccesstoMentalHealth(BAMH)Endorsed","AutismSpectrumDisorder,IntellectualDisability,NeurologicalConditions,Paediatrics,Disability"
"Melbourne Kids Therapy","Karyn Joel",N/A,N/A,CARNEGIE,VIC,N/A,"3163 ","EnhancedPrimaryCare,Medicare,Medicare-ChronicDiseaseManagement,AutismSpectrumDisorders,BetterAccesstoMentalHealth(BAMH)Endorsed",Paediatrics
"Victorian Children's Clinic",N/A,N/A,N/A,N/A,N/A,N/A,N/A,N/A,N/A
"Melbourne OT","Jenny Robinson",0419592130,"PO Box 5123 ",ALPHINGTON,VIC,AUSTRALIA,"3078 ","EnhancedPrimaryCare,DepartmentofVeterans'Affairs(DVA),Medicare,AgedCare(CommonwealthHomeSupportProgramme/HomeCarePackages),Aidsandequipmentschemes(stateandterritory),Medicare-ChronicDiseaseManagement,NDIS","Medico-LegalPractice,AssistiveTechnology,CarerandConsumerFocus,Disability,PrivatePracticeArea,Modifications/Access,Rehabilitation,OH&S/Ergonomics"
"Exceptional Kids","Sarah Cavallaro",0404460801,"5/104 NEWMARKET RD ",WINDSOR,QLD,AUSTRALIA,"4030 ","Medicare,Medicare-ChronicDiseaseManagement,MedicareandBetterAccesstoMentalHealth,BetterAccesstoMentalHealth(BAMH)Endorsed","AutismSpectrumDisorder,KnowledgeTranslation,ProfessionalSupervision,Paediatrics"
"OT Driving Services","Ruth Jardine",N/A,"1 CHURCH STREET ",GATESHEAD,NSW,AUSTRALIA,"2290 ","AgedCare(CommonwealthHomeSupportProgramme/HomeCarePackages),Aidsandequipmentschemes(stateandterritory),AutismSpectrumDisorders,iCare(NSW),NDIS,Workerscompensationschemes(stateandterritory),Transportaccidentbodies(stateandterritory),MAC","AssistiveTechnology,AgedCarePractice,Driving,Disability,AutismSpectrumDisorder,IntellectualDisability,Leadership/Management,Modifications/Access,NDISPractice,MentalHealthinc.forensicAODandrefugees,Rehabilitation,ProfessionalSupervision,PrivatePracticeArea,NeurologicalConditions,VisionImpairment"
"Umbrella Therapy Services","Prajwal Singh Pradhan",0402834332,"180 Clarence Street ",HOWRAH,TAS,AUSTRALIA,"7018 ",BetterAccesstoMentalHealth(BAMH)Endorsed,"OH&S/Ergonomics,Disability,AssistiveTechnology,Modifications/Access,Paediatrics,PrimaryHealth,Rehabilitation,Research/Education"
"Archer Street Health/Independent Kids OT",N/A,0402834332,N/A,N/A,N/A,N/A,N/A,N/A,N/A
"Vicwide Health Network","Sharon Howell",N/A,"PO Box 4633 ",LANGWARRIN,VIC,AUSTRALIA,"3910 ","DepartmentofVeterans'Affairs(DVA),iCare(NSW),TAC(VIC),WorkSafe(VIC,ACT,NT,TAS)","NeurologicalConditions,PrivatePracticeArea,Modifications/Access,AssistiveTechnology,Rehabilitation"
"Jo Glover -Occupational Therapy Services for Children","Joanne Glover",N/A,"1 Eleanor Street ","MOUNT GAMBIER",SA,AUSTRALIA,"5290 ","AutismSpectrumDisorders,EnhancedPrimaryCare,Medicare-ChronicDiseaseManagement,NDIS","NDISPractice,AutismSpectrumDisorder,Disability,FoundationSkills,IntellectualDisability,NeurologicalConditions,PrivatePracticeArea,PrimaryHealth,Paediatrics"
"Vickie Bekos OT","Vickie Bekos",0404016769,"27 TIMMS CRES ","DINGLEY VILLAGE",VIC,AUSTRALIA,"3172 ","NDIS,Medicare-ChronicDiseaseManagement,Medicare,EnhancedPrimaryCare","Paediatrics,NDISPractice,PrivatePracticeArea"
"Novita Children's Services","Naomi Dewing",N/A,"422 Salisbury Highway ","PARAFIELD GARDENS",SA,AUSTRALIA,"5107 ",NDIS,"Paediatrics,Disability,Modifications/Access,NDISPractice"
"Gwen Liddle Occupational Therapist","Gwen Liddle",32891271,"8 Upper Wights Mtn Rd ","WIGHTS MTN",QLD,AUSTRALIA,"4520 ","MedicareandBetterAccesstoMentalHealth,AutismSpectrumDisorders,EnhancedPrimaryCare,Medicare,Medicare-ChronicDiseaseManagement,NDIS,BetterAccesstoMentalHealth(BAMH)Endorsed","AutismSpectrumDisorder,IntellectualDisability,Research/Education,Paediatrics,NDISPractice,MentalHealthinc.forensicAODandrefugees,PrivatePracticeArea,Disability"
"Living Without Boundaries Occupational Therapy","Carly Treloar",84183618,"127 BOLTON ST Unit 3",ELTHAM,VIC,AUSTRALIA,"3095 ","NDIS,Medicare,EnhancedPrimaryCare,AutismSpectrumDisorders","AutismSpectrumDisorder,AssistiveTechnology,OH&S/Ergonomics,PainManagement,PrivatePracticeArea,NeurologicalConditions,Disability,NDISPractice,Paediatrics,MentalHealthinc.forensicAODandrefugees"
"Reach Life","Tahnee Witt",N/A,"15/15 Barron Parade ",JOONDALUP,WA,AUSTRALIA,"6027 ","EnhancedPrimaryCare,DepartmentofVeterans'Affairs(DVA),Medicare,Medicare-ChronicDiseaseManagement,MedicareandBetterAccesstoMentalHealth,NDIS,Workcover(QLD,WA),BetterAccesstoMentalHealth(BAMH)Endorsed","AgedCarePractice,AutismSpectrumDisorder,IntellectualDisability,MentalHealthinc.forensicAODandrefugees,NDISPractice,Paediatrics,PrivatePracticeArea,ProfessionalSupervision,Disability"
"Leapfrog Therapy","Tameka Day",0410626520,"16 Elphin St ",NEWPORT,VIC,AUSTRALIA,"3015 ",BetterAccesstoMentalHealth(BAMH)Endorsed,Paediatrics
"State Head Injury Unit","Joanna Grzech",N/A,"Hospital Ave ",PERTH,WA,AUSTRALIA,"6000 ",N/A,"Rehabilitation,AcuteCareRehab/Hospital,Disability,NDISPractice,NeurologicalConditions,OccupationalRehab"
"Connected Kids Allied Health","Ashleigh Dalton",0427848587,"706 STURT STREET ","BALLARAT CENTRAL",VIC,AUSTRALIA,"3350 ","AutismSpectrumDisorders,EnhancedPrimaryCare,Medicare,Medicare-ChronicDiseaseManagement,NDIS,BetterAccesstoMentalHealth(BAMH)Endorsed","AutismSpectrumDisorder,AssistiveTechnology,ProfessionalSupervision,Paediatrics,MentalHealthinc.forensicAODandrefugees,NDISPractice,PrivatePracticeArea"
"Motivate Kids","Chelsea Talbot",N/A,N/A,PROSPECT,SA,N/A,N/A,"NDIS,Medicare","IntellectualDisability,Paediatrics,NDISPractice,PrivatePracticeArea,AutismSpectrumDisorder"
"Life Live It! Occupational Therapy","Lisa Smith",92010705,"Suite 101 112 Scarborough Beach Road","MT HAWTHORN","WESTERN AUSTRALIA",AUSTRALIA,"6016 ","DepartmentofVeterans'Affairs(DVA),NDIS,AgedCare(CommonwealthHomeSupportProgramme/HomeCarePackages),Transportaccidentbodies(stateandterritory)","NDISPractice,Disability,AssistiveTechnology,AgedCarePractice,Modifications/Access,NeurologicalConditions,PalliativeCareandOncology,PrivatePracticeArea,Rehabilitation"
"Drue Mortlock OT","Drue Mortlock",0403853828,"761 Pemberton Street ",ALBURY,NSW,AUSTRALIA,"2640 ","Aidsandequipmentschemes(stateandterritory),AutismSpectrumDisorders,EnhancedPrimaryCare,Medicare-ChronicDiseaseManagement,NDIS","IntellectualDisability,AutismSpectrumDisorder,NeurologicalConditions,KnowledgeTranslation,VisionImpairment,Rehabilitation,AssistiveTechnology,Disability,Modifications/Access,NDISPractice,PrivatePracticeArea,Paediatrics,Research/Education"
"Flex Out Physiotherapy and Healthcare",N/A,N/A,N/A,N/A,N/A,N/A,N/A,N/A,N/A
"Better Rehabilitation","Rachel Brimblecombe",N/A,"102 / 806 Anzac Parade ",MAROUBRA,NSW,AUSTRALIA,"2035 ","AgedCare(CommonwealthHomeSupportProgramme/HomeCarePackages),NDIS,Workcover(QLD,WA)","AutismSpectrumDisorder,IntellectualDisability,Driving,Modifications/Access,Disability,NDISPractice,NeurologicalConditions,AgedCarePractice,Paediatrics,PrivatePracticeArea,MentalHealthinc.forensicAODandrefugees,OtherPractice,Rehabilitation,AssistiveTechnology"
"Potential OT","Rachel Disher",0411145565,"Services surrounding area ",MUDGEE,NSW,AUSTRALIA,"2850 ",NDIS,"IntellectualDisability,PrivatePracticeArea,AutismSpectrumDisorder,Rehabilitation,PrimaryHealth,Paediatrics,Disability"
"Emma King Occupational Therapy","Olivia Burn",0432692467,N/A,N/A,N/A,N/A,N/A,"AgedCare(CommonwealthHomeSupportProgramme/HomeCarePackages),DepartmentofVeterans'Affairs(DVA),NDIS","PrivatePracticeArea,NDISPractice,Modifications/Access,MentalHealthinc.forensicAODandrefugees,IntellectualDisability,Disability,AutismSpectrumDisorder,AssistiveTechnology,AgedCarePractice,NeurologicalConditions,PalliativeCareandOncology"
"Thrive Allied Health","Fiona Neagle",N/A,"Shop 2 / 6-8 Perseverance Street ",GYMPIE,QLD,AUSTRALIA,"4570 ","MAC,AgedCare(CommonwealthHomeSupportProgramme/HomeCarePackages),Aidsandequipmentschemes(stateandterritory),DepartmentofVeterans'Affairs(DVA),EnhancedPrimaryCare,Medicare-ChronicDiseaseManagement,NDIS,Medicare","VisionImpairment,Disability,Rehabilitation,PrimaryHealth,AssistiveTechnology,NDISPractice,NeurologicalConditions,AgedCarePractice,PalliativeCareandOncology,PrivatePracticeArea,IntellectualDisability,Modifications/Access"
"Recovery to Life - ","Praveen Kumar Premnath",0406534608,N/A,HAMILTON,VIC,N/A,"3300 ","MedicareandBetterAccesstoMentalHealth,Transportaccidentbodies(stateandterritory),NDIS,DepartmentofVeterans'Affairs(DVA),AgedCare(CommonwealthHomeSupportProgramme/HomeCarePackages),Aidsandequipmentschemes(stateandterritory),Medicare-ChronicDiseaseManagement,Medicare,TAC(VIC)","MentalHealthinc.forensicAODandrefugees,NDISPractice,PrimaryHealth,NeurologicalConditions,PrivatePracticeArea,PainManagement,ProfessionalSupervision,Leadership/Management,HandTherapy/Lymphedema,AssistiveTechnology,AcuteCareRehab/Hospital,Research/Education,Rehabilitation,Driving,AgedCarePractice,Modifications/Access"
MLEA,"Micah Perez",N/A,N/A,"Level 1","167 Logan Rd ",AUSTRALIA,N/A,"AutismSpectrumDisorders,Medicare,Medicare-ChronicDiseaseManagement,NDIS,Workcover(QLD,WA),Workerscompensationschemes(stateandterritory),EnhancedPrimaryCare,Transportaccidentbodies(stateandterritory)","PrivatePracticeArea,OtherPractice,PainManagement,ProfessionalSupervision,Paediatrics,AutismSpectrumDisorder,Disability,Medico-LegalPractice,NDISPractice,NeurologicalConditions,OccupationalRehab,Research/Education"
"Kids Matters Occupational Therapy",N/A,N/A,N/A,N/A,N/A,N/A,N/A,N/A,N/A
"Equilibrium Healthcare","Gemma Williams",N/A,"18/61 WALKER STREET ",HELENSBURGH,NSW,AUSTRALIA,"2508 ","AutismSpectrumDisorders,Medicare","AutismSpectrumDisorder,IntellectualDisability,Paediatrics,PrivatePracticeArea"
"Ready Steady Kids OT",N/A,0414272100,N/A,N/A,N/A,N/A,N/A,N/A,N/A
"Propel Occupational Therapy","Philippa Lawrence",0400028127,N/A,N/A,N/A,N/A,N/A,"NDIS,Aidsandequipmentschemes(stateandterritory)","FoundationSkills,MentalHealthinc.forensicAODandrefugees,Research/Education,IntellectualDisability,AutismSpectrumDisorder,NDISPractice,Disability,PainManagement,PrivatePracticeArea"
"James Cook University",N/A,47815337,N/A,N/A,N/A,N/A,N/A,N/A,N/A
"Brisbane Hypertonicity Clinic","Jean  Clow",0433832514,"48 Annerley Road ",WOOLLOONGABBA,QLD,AUSTRALIA,"4102 ","Aidsandequipmentschemes(stateandterritory),DepartmentofVeterans'Affairs(DVA),EnhancedPrimaryCare,MAC,Medicare-ChronicDiseaseManagement,NDIS","NeurologicalConditions,HandTherapy/Lymphedema,PrivatePracticeArea,Rehabilitation"
"Mater Private Hospital",N/A,N/A,N/A,N/A,N/A,N/A,N/A,N/A,N/A
"Prue Collier Occupational Therapy Services","Prue Collier",0403019554,"86 WESTON DR ",BUNYA,QLD,AUSTRALIA,"4055 ","NDIS,Aidsandequipmentschemes(stateandterritory),DepartmentofVeterans'Affairs(DVA),AgedCare(CommonwealthHomeSupportProgramme/HomeCarePackages)","Modifications/Access,NDISPractice,AssistiveTechnology,AgedCarePractice,PrivatePracticeArea,ProfessionalSupervision"
"Total Therapy Solutions","Julia Parini",N/A,"WILLIAMS RD ",MILLICENT,SA,AUSTRALIA,"5280 ","AgedCare(CommonwealthHomeSupportProgramme/HomeCarePackages),Aidsandequipmentschemes(stateandterritory),DepartmentofVeterans'Affairs(DVA),EnhancedPrimaryCare,LifetimeCareandSupport(ACT,SA),MAC,Medicare,Medicare-ChronicDiseaseManagement,NDIS,ReturntoWork(SA),TAC(VIC),Transportaccidentbodies(stateandterritory),Workcover(QLD,WA),Workerscompensationschemes(stateandterritory),WorkSafe(VIC,ACT,NT,TAS)","AgedCarePractice,AssistiveTechnology,AutismSpectrumDisorder,CarerandConsumerFocus,CulturalCompetency,Disability,HandTherapy/Lymphedema,IntellectualDisability,Modifications/Access,NDISPractice,NeurologicalConditions,OccupationalRehab,OH&S/Ergonomics,PainManagement,PalliativeCareandOncology,PrimaryHealth,Rehabilitation,VisionImpairment,FoundationSkills"
"Talk to Me Speech Pathology","Saraid Lenaghan",N/A,"Hart Street ",COLAC,VIC,AUSTRALIA,"3250 ","NDIS,Medicare-ChronicDiseaseManagement,AutismSpectrumDisorders",Paediatrics
"CORNWALL HOUSE OT","Jessica Rothall",N/A,"11 Kenny St ",BASSENDEAN,WA,AUSTRALIA,"6054 ",NDIS,"AutismSpectrumDisorder,FoundationSkills,IntellectualDisability,NDISPractice,Paediatrics,PrivatePracticeArea"
"Making Sense Occupational Therapy","Jeanette Feeney",N/A,"239 MAGILL ROAD ",MAYLANDS,SA,AUSTRALIA,"5069 ","NDIS,AutismSpectrumDisorders","AssistiveTechnology,AutismSpectrumDisorder,Disability,IntellectualDisability,NDISPractice,NeurologicalConditions,Paediatrics,PrivatePracticeArea"
"Arm to Palm Upper Limb Clinic","Vicki Strelan",N/A,"12-16 Fulham Rd ",PIMLICO,QLD,AUSTRALIA,"4812 ",N/A,Rehabilitation
"TOTAL REHAB - Integrated Therapy Services Pty Ltd","Elissa Barden",N/A,"Unit 6 / 133 Wharf Street ","TWEED HEADS",NSW,AUSTRALIA,"2485 ","Comcare,iCare(NSW),LifetimeCareandSupport(ACT,SA),DepartmentofVeterans'Affairs(DVA),NDIS,Transportaccidentbodies(stateandterritory),Aidsandequipmentschemes(stateandterritory)","OccupationalRehab,Research/Education,ProfessionalSupervision,OH&S/Ergonomics,Disability,AssistiveTechnology,NDISPractice,NeurologicalConditions,Rehabilitation,Modifications/Access"
"Castlemaine Health","Elizabeth Denniston",354713539,"Cornish Street 1",CASTLEMAINE,VIC,AUSTRALIA,"3450 ","Medicare,Medicare-ChronicDiseaseManagement,Aidsandequipmentschemes(stateandterritory),MAC","HandTherapy/Lymphedema,NeurologicalConditions,PainManagement,Modifications/Access,OH&S/Ergonomics,Rehabilitation"
Talkativity,"Siana Heath",N/A,"48 JAMES ST ",PAKENHAM,VIC,AUSTRALIA,"3810 ","AutismSpectrumDisorders,EnhancedPrimaryCare,Medicare,Medicare-ChronicDiseaseManagement,NDIS,DepartmentofVeterans'Affairs(DVA)","AssistiveTechnology,AutismSpectrumDisorder,Disability,IntellectualDisability,NDISPractice,Paediatrics,PrivatePracticeArea,ProfessionalSupervision,NeurologicalConditions"
"Counselling on Stirling","Maggie Down",0412558866,"10/100 Stirling Hwy ","NORTH FREMANTLE",WA,AUSTRALIA,"6159 ","MedicareandBetterAccesstoMentalHealth,Medicare,BetterAccesstoMentalHealth(BAMH)Endorsed","ProfessionalSupervision,MentalHealthinc.forensicAODandrefugees,PrivatePracticeArea"
"Katie Stokes Occupational Therapy","Lauren Burn",0456320044,"2/27-31 Myers Street ",GEELONG,VIC,AUSTRALIA,"3220 ",N/A,N/A
"Potential ability group","Madeleine Calderwood",N/A,"PO Box 803 ",STRATHALBYN,SA,AUSTRALIA,"5171 ","AgedCare(CommonwealthHomeSupportProgramme/HomeCarePackages),Medicare,MAC,NDIS,DepartmentofVeterans'Affairs(DVA)","Disability,AutismSpectrumDisorder,IntellectualDisability,PrivatePracticeArea,VisionImpairment,AssistiveTechnology,Modifications/Access,NDISPractice,AgedCarePractice,Paediatrics"
"Verve OT","Kirstin Hopkins",N/A,N/A,N/A,N/A,N/A,N/A,NDIS,"MentalHealthinc.forensicAODandrefugees,NDISPractice,AutismSpectrumDisorder,Disability,Rehabilitation"
"MoveAbout Therapy Services","David Jereb",0405300625,N/A,304,"14 Lexington Drive ",AUSTRALIA,N/A,"AutismSpectrumDisorders,BetterAccesstoMentalHealth(BAMH)Endorsed","Paediatrics,MentalHealthinc.forensicAODandrefugees"
"Sense Ability",N/A,0405300625,N/A,N/A,N/A,N/A,N/A,N/A,N/A
"Alliance Rehabilitation","Katie  Headrick",N/A,N/A,N/A,N/A,N/A,N/A,N/A,N/A
"Occupational Therapy Solutions South Coast Region -","Michelle Abbott",0450225986,"Services Area ",WOLLONGONG,NSW,AUSTRALIA,"2500 ","DepartmentofVeterans'Affairs(DVA),NDIS","AutismSpectrumDisorder,Disability,Modifications/Access,Rehabilitation,AssistiveTechnology,NDISPractice,NeurologicalConditions,PalliativeCareandOncology"
"Early Start Australia NT","Shannon Hallatt",0429935391,"5/6 Woodlake Boulevard ",DURACK,NT,AUSTRALIA,"0830 ","AutismSpectrumDisorders,EnhancedPrimaryCare,MAC,Medicare,Medicare-ChronicDiseaseManagement,MedicareandBetterAccesstoMentalHealth,NDIS,Transportaccidentbodies(stateandterritory),BetterAccesstoMentalHealth(BAMH)Endorsed","Disability,Paediatrics,AutismSpectrumDisorder,NDISPractice,PrivatePracticeArea,ProfessionalSupervision"
"Carrington Health","Alison Cooke",N/A,N/A,"BOX HILL",VIC,N/A,"3128 ","AgedCare(CommonwealthHomeSupportProgramme/HomeCarePackages),Aidsandequipmentschemes(stateandterritory),MAC,NDIS","AgedCarePractice,AssistiveTechnology,Disability,Modifications/Access"
"Active Wise Healthcare",N/A,N/A,N/A,N/A,N/A,N/A,N/A,N/A,N/A
"Occupational Therapy. Jillian Thompson, Mobile Service Tamworth, Gunnedah, Quirindi and surrounds - ","Jillian Thompson",0437474766,"Services Area ",TAMWORTH,NSW,AUSTRALIA,"2340 ","Aidsandequipmentschemes(stateandterritory),AutismSpectrumDisorders,NDIS","AutismSpectrumDisorder,IntellectualDisability,Modifications/Access,Paediatrics,NDISPractice,PrivatePracticeArea,Disability,AssistiveTechnology"
cohealth,"Elise Sampson",N/A,"12 Gower St ",KENSINGTON,VIC,AUSTRALIA,"3031 ","AgedCare(CommonwealthHomeSupportProgramme/HomeCarePackages),Aidsandequipmentschemes(stateandterritory),MAC","CulturalCompetency,Leadership/Management,PalliativeCareandOncology,PolicyandProcess,Rehabilitation,AgedCarePractice,Modifications/Access,NDISPractice,AssistiveTechnology,Disability,PainManagement,PrimaryHealth,ProfessionalSupervision,Research/Education"
"Sydney Hand Therapy & Rehabilitation Centre","Vanessa Grant",0292212603,N/A,"Level 6","187 Macquarie St ",AUSTRALIA,N/A,N/A,"HandTherapy/Lymphedema,Research/Education"
"Australian Catholic University - North Sydney Campus",N/A,N/A,N/A,N/A,N/A,N/A,N/A,N/A,N/A
"In Dialogue - Counselling, Psychotherapy","Jacqueline Mackinnon",N/A,N/A,BRUNSWICK,"3056 ",N/A,N/A,BetterAccesstoMentalHealth(BAMH)Endorsed,MentalHealthinc.forensicAODandrefugees
"Mid West Area Mental Health Service","Khazen Boukhazen",N/A,"4 DEVONSHIRE RD ",SUNSHINE,VIC,AUSTRALIA,"3020 ","AgedCare(CommonwealthHomeSupportProgramme/HomeCarePackages),Aidsandequipmentschemes(stateandterritory),EnhancedPrimaryCare,Medicare,MedicareandBetterAccesstoMentalHealth,NDIS,TAC(VIC),WorkSafe(VIC,ACT,NT,TAS),Workerscompensationschemes(stateandterritory)","PrivatePracticeArea,CulturalCompetency,Disability,NDISPractice,MentalHealthinc.forensicAODandrefugees,Modifications/Access,OH&S/Ergonomics,OtherPractice,Research/Education,IntellectualDisability,AutismSpectrumDisorder,AssistiveTechnology,AgedCarePractice,AcuteCareRehab/Hospital"
"Lantern Health",N/A,0434518920,N/A,N/A,N/A,N/A,N/A,N/A,N/A
"DOTS Paediatric Occupational Therapy","Michelle De Klerk",N/A,"115 DROOP ST ",FOOTSCRAY,VIC,AUSTRALIA,"3011 ","EnhancedPrimaryCare,NDIS,AutismSpectrumDisorders,Medicare,Medicare-ChronicDiseaseManagement,MedicareandBetterAccesstoMentalHealth,BetterAccesstoMentalHealth(BAMH)Endorsed",Paediatrics
"Occupational Therapy Services Victoria","Nermein Gouda",0401685224,N/A,"AVONDALE HEIGHTS",VIC,N/A,"3034 ","TAC(VIC),DepartmentofVeterans'Affairs(DVA),Medicare,NDIS","AutismSpectrumDisorder,AssistiveTechnology,HandTherapy/Lymphedema,AgedCarePractice,IntellectualDisability,Modifications/Access,NeurologicalConditions,PrivatePracticeArea,ProfessionalSupervision,Leadership/Management,Disability,Paediatrics,NDISPractice,OccupationalRehab,Rehabilitation"
"Active Medical",N/A,040168524,N/A,N/A,N/A,N/A,N/A,N/A,N/A
"Sharon Joyce","Sharon Joyce",N/A,"82 Belclare St  ","THE GAP BRISBANE",QLD,AUSTRALIA,"4061 ","Medicare-ChronicDiseaseManagement,NDIS","AutismSpectrumDisorder,NDISPractice,Paediatrics"
"Helen Walker Occupational Therapy","Helen Walker",N/A,"20/11-15 Kitchener St ",COORPAROO,QUEENSLAND,AUSTRALIA,"4151 ","NDIS,Aidsandequipmentschemes(stateandterritory)","Disability,AutismSpectrumDisorder,NDISPractice,Paediatrics,IntellectualDisability,MentalHealthinc.forensicAODandrefugees,NeurologicalConditions,ProfessionalSupervision,Rehabilitation,VisionImpairment"
"Ikigai Occupational Therapy","Camille Holman",0456721784,"PO Box 479 ",MYRTLEFORD,VICTORIA,AUSTRALIA,"3737 ",NDIS,"AgedCarePractice,AssistiveTechnology,NDISPractice,Modifications/Access,MentalHealthinc.forensicAODandrefugees,PainManagement,Rehabilitation"
"Allay Occupational Therapy","Kim Cockett",N/A,"275 RYRIE ST ",GEELONG,VIC,AUSTRALIA,"3220 ","Medicare,Transportaccidentbodies(stateandterritory),Medicare-ChronicDiseaseManagement,NDIS,TAC(VIC),DepartmentofVeterans'Affairs(DVA),MedicareandBetterAccesstoMentalHealth,WorkSafe(VIC,ACT,NT,TAS)","Driving,NonClinicalProfessionalDevelopment,OtherPractice,NeurologicalConditions,AgedCarePractice,MentalHealthinc.forensicAODandrefugees,NDISPractice,PrivatePracticeArea"
"Sydney Kids OT","Cara Adler",N/A,N/A,"Suite 502","Level 5",AUSTRALIA,"Westfield Eastgardens ","MedicareandBetterAccesstoMentalHealth,AutismSpectrumDisorders,EnhancedPrimaryCare,Medicare,Medicare-ChronicDiseaseManagement,NDIS,BetterAccesstoMentalHealth(BAMH)Endorsed","Paediatrics,Disability,PrivatePracticeArea"
"Bendigo HealthCare Group","Kay Ford",N/A,"37 Havlin Street East ",BENDIGO,VIC,AUSTRALIA,"3550 ",N/A,N/A
"Bright Therapy","Tara Thomas",0439667202,"3/47 BRISBANE RD ",MOOLOOLABA,QLD,AUSTRALIA,"4557 ","AutismSpectrumDisorders,Medicare-ChronicDiseaseManagement,MedicareandBetterAccesstoMentalHealth,NDIS,EnhancedPrimaryCare","AssistiveTechnology,Disability,Modifications/Access,NDISPractice,NeurologicalConditions,Paediatrics,PrivatePracticeArea"
"OccCare Australia Pty Ltd","Elaine Tan",N/A,"Unit 14 8 Avenue of the Americas",NEWINGTON,NSW,AUSTRALIA,"2127 ","AgedCare(CommonwealthHomeSupportProgramme/HomeCarePackages),Aidsandequipmentschemes(stateandterritory),AutismSpectrumDisorders,DepartmentofVeterans'Affairs(DVA),EnhancedPrimaryCare,Medicare,Medicare-ChronicDiseaseManagement,NDIS,Workcover(QLD,WA),Comcare,Transportaccidentbodies(stateandterritory),Workerscompensationschemes(stateandterritory)","AssistiveTechnology,CarerandConsumerFocus,CulturalCompetency,Disability,Driving,Modifications/Access,NDISPractice,NeurologicalConditions,OccupationalRehab,OH&S/Ergonomics,AgedCarePractice,Paediatrics,PrimaryHealth,PrivatePracticeArea,Rehabilitation,Research/Education,OtherPractice"
"Private Provider","Carly Lavette",0402732209,"Services Area ","CAVES BEACH",NSW,AUSTRALIA,"2281 ",NDIS,"AutismSpectrumDisorder,Disability,NDISPractice,Paediatrics,PrivatePracticeArea,AgedCarePractice"
"Private Practitioner - PO Box 2007 Maryborough Qld, Australia -","Sarah Suthers Clarkin",0427013777,"4/425 Kent Street ",MARYBOROUGH,QLD,AUSTRALIA,"4650 ","Medicare-ChronicDiseaseManagement,AutismSpectrumDisorders,DepartmentofVeterans'Affairs(DVA)","AutismSpectrumDisorder,Modifications/Access,Rehabilitation,AssistiveTechnology,Paediatrics,Disability"
"Blanosi Investments","Corinne Paterson",N/A,"12A PROSSER AVE ",NORWOOD,SA,AUSTRALIA,"5067 ","NDIS,ReturntoWork(SA),Aidsandequipmentschemes(stateandterritory)","AgedCarePractice,CulturalCompetency,Disability,PrivatePracticeArea,OH&S/Ergonomics,OccupationalRehab,PalliativeCareandOncology,NDISPractice,Modifications/Access"
"Family Focus OT","Emma Beare",N/A,"22 MADELINE RD ",STIRLING,SA,AUSTRALIA,"5152 ","NDIS,Medicare-ChronicDiseaseManagement,MedicareandBetterAccesstoMentalHealth,BetterAccesstoMentalHealth(BAMH)Endorsed","Disability,AutismSpectrumDisorder,IntellectualDisability,ProfessionalSupervision,Paediatrics"
"The Space Psychotherapy","Annette Murphy",N/A,"204/35 Spring St ","BONDI JUNCTION",NSW,AUSTRALIA,"2022 ",BetterAccesstoMentalHealth(BAMH)Endorsed,MentalHealthinc.forensicAODandrefugees
"Simply Natural Therapies","Alison Burton",0415401655,"1036 Doncaster Rd ","DONCASTER EAST",VIC,AUSTRALIA,"3109 ","Medicare,EnhancedPrimaryCare,Medicare-ChronicDiseaseManagement,MedicareandBetterAccesstoMentalHealth,NDIS,BetterAccesstoMentalHealth(BAMH)Endorsed","MentalHealthinc.forensicAODandrefugees,PainManagement,PrivatePracticeArea,NDISPractice"
"Private Practitioner - Occupational Therapy for Children","Andrea Ruskin",N/A,"15 Warili Road ","FRENCHS FOREST",NSW,AUSTRALIA,"2086 ",BetterAccesstoMentalHealth(BAMH)Endorsed,Paediatrics
"E.T.B. Therapy Pty Ltd","Elwyn ten Brink",6141201490,"17 Treelands Drive ",JILLIBY,NSW,AUSTRALIA,"2259 ","NDIS,DepartmentofVeterans'Affairs(DVA),EnhancedPrimaryCare,Medicare,MedicareandBetterAccesstoMentalHealth,Aidsandequipmentschemes(stateandterritory),BetterAccesstoMentalHealth(BAMH)Endorsed","PrivatePracticeArea,MentalHealthinc.forensicAODandrefugees,NDISPractice,AssistiveTechnology,Modifications/Access"
"Telehealth / Clinic / and Mobile Therapy Service","Sarah Kelly",0434496051,"25 Moira St ",ADAMSTOWN,NSW,AUSTRALIA,"2289 ","AutismSpectrumDisorders,NDIS,Medicare-ChronicDiseaseManagement,Medicare","AutismSpectrumDisorder,PrivatePracticeArea,Paediatrics,OtherPractice"
"Adapt OT","Jessica Trotter",N/A,"PO Box 7593 ","GEELONG WEST",VIC,AUSTRALIA,"3218 ","Medicare,Medicare-ChronicDiseaseManagement,NDIS,Aidsandequipmentschemes(stateandterritory),AgedCare(CommonwealthHomeSupportProgramme/HomeCarePackages),DepartmentofVeterans'Affairs(DVA)","NeurologicalConditions,Disability,AgedCarePractice,Paediatrics,Modifications/Access,AssistiveTechnology,NDISPractice,PrivatePracticeArea,Rehabilitation"
"NeuroRehab Allied Health Network","Kumara Hurworth",0450443948,N/A,N/A,N/A,N/A,N/A,"NDIS,TAC(VIC),AgedCare(CommonwealthHomeSupportProgramme/HomeCarePackages),Aidsandequipmentschemes(stateandterritory),Medicare","AssistiveTechnology,IntellectualDisability,Modifications/Access,NDISPractice,NeurologicalConditions,PalliativeCareandOncology,PrivatePracticeArea,Rehabilitation,Disability"
"Wendy Cohen Occupational Therapist","Wendy Cohen",0417750167,"6 del Manso Crescent ",EDMONTON,QLD,AUSTRALIA,"4869 ","Medicare,Medicare-ChronicDiseaseManagement,NDIS","Paediatrics,Disability"
"Polkadot Occupational Therapy","Jacqueline Langley",0447677114,"83 Cross Road ",URRBRAE,SA,AUSTRALIA,"5064 ","MedicareandBetterAccesstoMentalHealth,AutismSpectrumDisorders,EnhancedPrimaryCare,Medicare,Medicare-ChronicDiseaseManagement,NDIS,BetterAccesstoMentalHealth(BAMH)Endorsed","NDISPractice,AutismSpectrumDisorder,Paediatrics,HandTherapy/Lymphedema,PrivatePracticeArea"
"Evalutia - Occupational Therapy and Health consulting","Felicity Evans",0409020086,"39 Cameron Street ",WAUCHOPE,NSW,AUSTRALIA,"2446 ",N/A,"AutismSpectrumDisorder,NDISPractice,FoundationSkills,Medico-LegalPractice,Rehabilitation,OH&S/Ergonomics,Modifications/Access,PrivatePracticeArea,Paediatrics,MentalHealthinc.forensicAODandrefugees"
LifePsychles,"Bettina Schmidt",N/A,N/A,"Suite 10","The Grand Arcade 291 Bong Bong St",AUSTRALIA,N/A,N/A,"Disability,AssistiveTechnology,Modifications/Access"
"Enable Therapy","Tennille Villella",412531446,N/A,ROSANNA,VICTORIA,N/A,"3084 ",N/A,"Rehabilitation,Modifications/Access"
"Heidelberg Repatriation Hospital",N/A,N/A,N/A,N/A,N/A,N/A,N/A,N/A,N/A
"Tropics Occupational Therapy","Sharon Coles",N/A,"Suite 4 / 92-96 Pease St ",CAIRNS,QLD,AUSTRALIA,"4870 ","AutismSpectrumDisorders,EnhancedPrimaryCare,Medicare,Medicare-ChronicDiseaseManagement,NDIS","AutismSpectrumDisorder,Paediatrics"
"The Rehabilitation Collective","Sarah Thomas",N/A,N/A,N/A,N/A,N/A,N/A,"NDIS,Transportaccidentbodies(stateandterritory)","NeurologicalConditions,Rehabilitation,AssistiveTechnology"
"Kids Therapy","Cornelia Jansen",N/A,"59 Mayfield Crescent ",BURPENGARY,QLD,AUSTRALIA,"4505 ",N/A,Paediatrics
"Melbourne Occupational Therapy Services","James Hunter",N/A,"PO Box 880 ","PORT MELBOURNE",VIC,AUSTRALIA,"3207 ",NDIS,"Rehabilitation,PalliativeCareandOncology,AssistiveTechnology,OH&S/Ergonomics,Disability,NDISPractice,NeurologicalConditions,PrivatePracticeArea,Driving,Modifications/Access"
"Olive Tree Therapy","Judy Loon",N/A,N/A,LIDCOMBE,NSW,N/A,"2141 ",NDIS,"Disability,Paediatrics"
"Private Practitioner -","Helen Wood",N/A,"Services Area ","MT COLAH",NSW,AUSTRALIA,"2079 ","Aidsandequipmentschemes(stateandterritory),Medicare","VisionImpairment,PrivatePracticeArea,Medico-LegalPractice,Rehabilitation,Modifications/Access,HandTherapy/Lymphedema,NeurologicalConditions"
"United OT","Rebecca Bonnar",N/A,"PO Box 132 ","OYSTER BAY",NSW,AUSTRALIA,"2225 ","AgedCare(CommonwealthHomeSupportProgramme/HomeCarePackages),iCare(NSW),NDIS","AgedCarePractice,AssistiveTechnology,NDISPractice,NeurologicalConditions,PrivatePracticeArea,Modifications/Access,Disability,Rehabilitation"
"InMotion Group","Roseanna Tegel",0439035900,"3/38 Exchange Parade ",NARELLAN,NSW,AUSTRALIA,"2567 ","LifetimeCareandSupport(ACT,SA),iCare(NSW),Aidsandequipmentschemes(stateandterritory),Medicare,NDIS,Workerscompensationschemes(stateandterritory),AgedCare(CommonwealthHomeSupportProgramme/HomeCarePackages),DepartmentofVeterans'Affairs(DVA)","IntellectualDisability,Leadership/Management,Rehabilitation,ProfessionalSupervision,AssistiveTechnology,Disability,Modifications/Access,NDISPractice,NeurologicalConditions,AgedCarePractice,PalliativeCareandOncology,PrivatePracticeArea"
"HOPE KIDS OT","Yen May Lee",0450705388,"429 Highbury Road ","BURWOOD EAST",VIC,AUSTRALIA,"3151 ","NDIS,MedicareandBetterAccesstoMentalHealth,Medicare-ChronicDiseaseManagement,EnhancedPrimaryCare,AutismSpectrumDisorders,BetterAccesstoMentalHealth(BAMH)Endorsed","ProfessionalSupervision,PrivatePracticeArea,NDISPractice,AutismSpectrumDisorder,IntellectualDisability,NeurologicalConditions,Paediatrics"
"Gateway Therapies","Nicole Grant",N/A,"4/22 Palmer Place ",MURARRIE,QLD,AUSTRALIA,"4172 ","AutismSpectrumDisorders,EnhancedPrimaryCare,Medicare,Medicare-ChronicDiseaseManagement,NDIS","AutismSpectrumDisorder,IntellectualDisability,Leadership/Management,Medico-LegalPractice,MentalHealthinc.forensicAODandrefugees,Research/Education,Paediatrics,NDISPractice,PrivatePracticeArea,Disability"
"Leigh Tesch private practice","Leigh Tesch",0419104961,"14 Weld St ","WEST HOBART",TAS,AUSTRALIA,"7000 ",BetterAccesstoMentalHealth(BAMH)Endorsed,"PrimaryHealth,Paediatrics"
"Biala Peninsula","Tara Quin",N/A,"1 ELIZABETH ST ",MORNINGTON,VIC,AUSTRALIA,"3931 ",NDIS,Paediatrics
"Gabrielle Centre for Children","Melissa Halilovic",0410488061,"1/9 Normic Ave ",BLAXLAND,NSW,AUSTRALIA,"2774 ","NDIS,Medicare,BetterAccesstoMentalHealth(BAMH)Endorsed",Paediatrics
"Rainbows & Owls","Soetkin Beerten",356721343,N/A,"79 Watt St",Wonthaggi,AUSTRALIA,"VIC 3995  AND  64 Merrin Crescent","AutismSpectrumDisorders,Medicare,Medicare-ChronicDiseaseManagement,MedicareandBetterAccesstoMentalHealth,NDIS,BetterAccesstoMentalHealth(BAMH)Endorsed","AutismSpectrumDisorder,CarerandConsumerFocus,NDISPractice,Research/Education,Disability,MentalHealthinc.forensicAODandrefugees,PrivatePracticeArea,Paediatrics"
"Your Independence Rehabilitation Service","Liz Martin",0407678409,"PO Box 390 ",ASPLEY,QLD,AUSTRALIA,"4034 ","Medicare,iCare(NSW),Aidsandequipmentschemes(stateandterritory),NDIS,TAC(VIC),DepartmentofVeterans'Affairs(DVA),Transportaccidentbodies(stateandterritory),BetterAccesstoMentalHealth(BAMH)Endorsed","Rehabilitation,Disability,AssistiveTechnology,Modifications/Access,NDISPractice,PrivatePracticeArea,NeurologicalConditions"
"NALHN- SA HEALTH","Anne Sunners",0478215485,"Services Area ","GILLES PLAINS",SA,AUSTRALIA,"5037 ","AutismSpectrumDisorders,EnhancedPrimaryCare,Medicare,NDIS","IntellectualDisability,NDISPractice,PrimaryHealth,AutismSpectrumDisorder,Disability,Paediatrics"
myAbility,"Deanne Wingate",0478637450,N/A,HEATHMONT,VICTORIA,N/A,"3135 ",NDIS,"AutismSpectrumDisorder,Disability,IntellectualDisability,NDISPractice,NeurologicalConditions"
"D.O.T.S. Occupational Therapy for Children","Hoi Wing Lui",N/A,"478 Grimshaw Street 7 Ormond Blvd",BUNDOORA,VIC,AUSTRALIA,"3083 ",N/A,Paediatrics
"Therapie mental health and OT services","Geraldine Iwanicki",83222455,"Southcare 5 Commercial Road ","SHEIDOW PARK",SA,AUSTRALIA,"5158 ",BetterAccesstoMentalHealth(BAMH)Endorsed,"PrimaryHealth,OH&S/Ergonomics"
"Evolve OT","Fiona Williams",0431574040,N/A,N/A,N/A,N/A,N/A,"AgedCare(CommonwealthHomeSupportProgramme/HomeCarePackages),Aidsandequipmentschemes(stateandterritory),NDIS","AssistiveTechnology,Disability,Medico-LegalPractice,MentalHealthinc.forensicAODandrefugees,NDISPractice,PrivatePracticeArea,AgedCarePractice,IntellectualDisability,Modifications/Access"
"Total Angles","Lee-Anne Kupke",N/A,"PO Box 121 ",TEMORA,NSW,AUSTRALIA,"2666 ","AgedCare(CommonwealthHomeSupportProgramme/HomeCarePackages),Aidsandequipmentschemes(stateandterritory),DepartmentofVeterans'Affairs(DVA),EnhancedPrimaryCare,Medicare,Medicare-ChronicDiseaseManagement,NDIS","Modifications/Access,Disability,NDISPractice,AgedCarePractice,PrivatePracticeArea,Rehabilitation,AssistiveTechnology"
"Integrated Work Health","Sue Smith",0414182842,"I Nautilus Place ","TWIN WATERS","QUEENSLAND (QLD)",AUSTRALIA,"4870 ","EnhancedPrimaryCare,Medicare-ChronicDiseaseManagement,Transportaccidentbodies(stateandterritory),Workcover(QLD,WA)","OH&S/Ergonomics,OccupationalRehab,PrivatePracticeArea"
"Coastal Work and Rehabilitation Solutions",N/A,0414182842,N/A,N/A,N/A,N/A,N/A,N/A,N/A
"Hilltops early intervention","Ann Maree Chapman",N/A,"191 Nasmyth Street ",YOUNG,NSW,AUSTRALIA,"2594 ",NDIS,"NDISPractice,Paediatrics"
"Young Public School",N/A,N/A,N/A,N/A,N/A,N/A,N/A,N/A,N/A
"Malvern Hand Therapy","Melissa Hirth",N/A,"253 Wattletree Rd ",MALVERN,VIC,AUSTRALIA,"3144 ","WorkSafe(VIC,ACT,NT,TAS),DepartmentofVeterans'Affairs(DVA),TAC(VIC),Medicare-ChronicDiseaseManagement","HandTherapy/Lymphedema,PrivatePracticeArea,Research/Education,Rehabilitation"
"Austin Health",N/A,N/A,N/A,N/A,N/A,N/A,N/A,N/A,N/A
"Suzanne Mackay -  Paediatric OT","Suzanne Mackay",0402147404,"Suite 3 Willander Court 151-153 Peats Ferry Rd",HORNSBY,NSW,AUSTRALIA,"2077 ","AutismSpectrumDisorders,Medicare,Medicare-ChronicDiseaseManagement,MedicareandBetterAccesstoMentalHealth,BetterAccesstoMentalHealth(BAMH)Endorsed","Paediatrics,PrivatePracticeArea,AutismSpectrumDisorder"
"Water Bear Therapies","Ashley Potgieter",N/A,"Brisbane ",QLD,N/A,AUSTRALIA,N/A,"AutismSpectrumDisorders,EnhancedPrimaryCare,Medicare-ChronicDiseaseManagement,Medicare,NDIS","AutismSpectrumDisorder,PrimaryHealth,CulturalCompetency,PrivatePracticeArea,Paediatrics,Disability,Rehabilitation,AssistiveTechnology"
"Poonam Shah","Poonam Shah",0421185009,"26 Park Crescent ",PYMBLE,NSW,AUSTRALIA,"2073 ","AutismSpectrumDisorders,Medicare","AutismSpectrumDisorder,Paediatrics"
"Tyack Health","Marguerite Moir",0430019730,"148 RADFORD RD ","MANLY WEST",QLD,AUSTRALIA,"4179 ","AutismSpectrumDisorders,EnhancedPrimaryCare,Medicare,Medicare-ChronicDiseaseManagement,NDIS,BetterAccesstoMentalHealth(BAMH)Endorsed","Paediatrics,NDISPractice,PrivatePracticeArea"
"OT Country Care - 7 Carpentaria Way, Hewett, South Australia, Australia","Lana Bagshaw",N/A,N/A,"7 Carpentaria Way",Hewett,AUSTRALIA,"South Australia",N/A,"Rehabilitation,Paediatrics"
"OT&U - Occupational Therapy & Rehabilitation Services","Catharina Patotzki",0422467167,"South SOUTH WEST ROCKS ROAD ","SOUTH WEST ROCKS",ARAKOON,AUSTRALIA,JERSEYVILLE,"Aidsandequipmentschemes(stateandterritory),AgedCare(CommonwealthHomeSupportProgramme/HomeCarePackages),DepartmentofVeterans'Affairs(DVA),Medicare,NDIS,MAC","AgedCarePractice,AssistiveTechnology,CarerandConsumerFocus,Disability,Modifications/Access,NDISPractice,NeurologicalConditions,OH&S/Ergonomics,PainManagement,PrivatePracticeArea,Rehabilitation,PalliativeCareandOncology"
"Enable Occupational Therapy in Mental Health Pty Ltd","Christine Coop",N/A,N/A,CAIRNS,QLD,N/A,"4870 ","iCare(NSW),MedicareandBetterAccesstoMentalHealth,AutismSpectrumDisorders,DepartmentofVeterans'Affairs(DVA),EnhancedPrimaryCare,Medicare,Medicare-ChronicDiseaseManagement,NDIS,Workcover(QLD,WA),Workerscompensationschemes(stateandterritory),BetterAccesstoMentalHealth(BAMH)Endorsed","AutismSpectrumDisorder,IntellectualDisability,NonClinicalProfessionalDevelopment,PainManagement,ProfessionalSupervision,Disability,CarerandConsumerFocus,MentalHealthinc.forensicAODandrefugees,NDISPractice,PrivatePracticeArea,Paediatrics"
"Galaxy Occupational Therapy","Autumn Bloom",N/A,N/A,"HIGHETT; MULGRAVE; PRESTON; WILLIAMSTOWN",VIC,N/A,N/A,"AutismSpectrumDisorders,NDIS,Medicare","Paediatrics,AutismSpectrumDisorder"
"Tanya Currie","Tanya Currie",0439377942,N/A,SALISBURY,QLD,N/A,N/A,"AutismSpectrumDisorders,EnhancedPrimaryCare,Medicare,Medicare-ChronicDiseaseManagement,NDIS",Paediatrics
"Kids Plan-it - Occupational Therapy","Ellena Batsakis",N/A,"42 BALGOWLAH RD ",BALGOWLAH,NSW,AUSTRALIA,"2093 ","AutismSpectrumDisorders,EnhancedPrimaryCare,Medicare,Medicare-ChronicDiseaseManagement,MedicareandBetterAccesstoMentalHealth,BetterAccesstoMentalHealth(BAMH)Endorsed","AutismSpectrumDisorder,IntellectualDisability,NDISPractice,Paediatrics,PrivatePracticeArea"
"Independent Rehabilitation Services","Chloe May",N/A,"47A Karnak Road ",ASHBURTON,VIC,AUSTRALIA,"3147 ","NDIS,TAC(VIC)","NeurologicalConditions,Rehabilitation,AssistiveTechnology,OccupationalRehab,PainManagement"
"Revival Occupational Therapy","Natalie Evans",N/A,"PO Box 5295 ",KENMORE,QLD,AUSTRALIA,"4069 ","AutismSpectrumDisorders,Medicare-ChronicDiseaseManagement,Medicare,NDIS,Aidsandequipmentschemes(stateandterritory)","AutismSpectrumDisorder,IntellectualDisability,ProfessionalSupervision,AssistiveTechnology,Disability,NDISPractice,NeurologicalConditions,Paediatrics,PrivatePracticeArea,OtherPractice"
"Private Practitioner/ Navitas Group/Able Living Occupational Therapy  Cremorne, NSW, Australia","Caroline Bowman",N/A,"Lodge Rd ",CREMORNE,NSW,AUSTRALIA,"2090 ","Aidsandequipmentschemes(stateandterritory),AgedCare(CommonwealthHomeSupportProgramme/HomeCarePackages),DepartmentofVeterans'Affairs(DVA),Medicare","PrivatePracticeArea,AssistiveTechnology,Modifications/Access,AgedCarePractice"
"The Psychological Health Centre","Aimee Blackam",0481308742,"10/2A Redman Road ","DEE WHY",NSW,AUSTRALIA,"2099 ","MedicareandBetterAccesstoMentalHealth,Medicare,BetterAccesstoMentalHealth(BAMH)Endorsed","Rehabilitation,Disability,AutismSpectrumDisorder,IntellectualDisability,MentalHealthinc.forensicAODandrefugees,ProfessionalSupervision,PrivatePracticeArea"
"Jo Petrenko - Mental Health Occupational Therapy","Joanne Petrenko",N/A,"www.jcptherapy.com.au ","DONCASTER EAST",VIC,AUSTRALIA,"3109 ","MedicareandBetterAccesstoMentalHealth,NDIS,BetterAccesstoMentalHealth(BAMH)Endorsed","PrivatePracticeArea,ProfessionalSupervision,NDISPractice,MentalHealthinc.forensicAODandrefugees"
"Jayne McDonough O.T. for Riverland Kids","Jayne McDonough",N/A,"67 Badcoe Rd ","LOXTON NORTH",SA,AUSTRALIA,"5333 ","MedicareandBetterAccesstoMentalHealth,EnhancedPrimaryCare,Medicare,Medicare-ChronicDiseaseManagement,NDIS,AutismSpectrumDisorders,BetterAccesstoMentalHealth(BAMH)Endorsed","Paediatrics,PrivatePracticeArea"
"Skills for Learning","Tatiana Arellano",0421403403,"PO Box 29  ",BURNSIDE,SA,AUSTRALIA,"5066 ","MedicareandBetterAccesstoMentalHealth,Medicare-ChronicDiseaseManagement,EnhancedPrimaryCare,Medicare,NDIS,BetterAccesstoMentalHealth(BAMH)Endorsed","IntellectualDisability,AutismSpectrumDisorder,NDISPractice,Research/Education,Disability,PrivatePracticeArea,Paediatrics"
"OT Inspire","Mia Poklepovich",0412480711,"145 Cromwell Drive ","DESERT SPRINGS",NT,AUSTRALIA,"0870 ","AutismSpectrumDisorders,NDIS,Aidsandequipmentschemes(stateandterritory),BetterAccesstoMentalHealth(BAMH)Endorsed","Paediatrics,AssistiveTechnology,CulturalCompetency,Disability,NDISPractice,PrivatePracticeArea"
"Stepping Stones Therapy Services","Emma Smith",N/A,N/A,14C,"42 Strickland St ",AUSTRALIA,N/A,"AutismSpectrumDisorders,EnhancedPrimaryCare,Medicare-ChronicDiseaseManagement,NDIS",Paediatrics
"The Health Hub","Martta Kytomaki",N/A,N/A,N/A,N/A,N/A,N/A,"AutismSpectrumDisorders,EnhancedPrimaryCare,NDIS,Medicare","AssistiveTechnology,Disability,IntellectualDisability,Modifications/Access,PrivatePracticeArea,AutismSpectrumDisorder,Paediatrics,MentalHealthinc.forensicAODandrefugees"
"more to say and do","Merryn Weavers",0403186195,"9/69 Mclennan Street ",MOOROOPNA,VIC,AUSTRALIA,"3629 ","Medicare,Medicare-ChronicDiseaseManagement,NDIS","NDISPractice,AutismSpectrumDisorder,Disability,Paediatrics,Modifications/Access"
"Three Bears Therapy","Emma Stockings",N/A,"Dwyer St  ",COOK,ACT,AUSTRALIA,"2614 ","AutismSpectrumDisorders,Medicare,Medicare-ChronicDiseaseManagement",Paediatrics
"Child First Therapy","Rene Fraser",N/A,"49 queens rd ","FIVE DOCK",NSW,AUSTRALIA,"2046 ","AutismSpectrumDisorders,EnhancedPrimaryCare,iCare(NSW),Medicare,Medicare-ChronicDiseaseManagement,MedicareandBetterAccesstoMentalHealth,NDIS,BetterAccesstoMentalHealth(BAMH)Endorsed","AutismSpectrumDisorder,AssistiveTechnology,IntellectualDisability,NDISPractice,NeurologicalConditions,PrivatePracticeArea,Paediatrics,Disability"
"Barwon Occupational Therapy","Anna Treloar-Tanner",0478196823,"Suit 8 / 147 Marshalltown Road ",GROVEDALE,VICTORIA,AUSTRALIA,"3216 ","EnhancedPrimaryCare,Comcare,MAC,AgedCare(CommonwealthHomeSupportProgramme/HomeCarePackages),Aidsandequipmentschemes(stateandterritory),AutismSpectrumDisorders,DepartmentofVeterans'Affairs(DVA),Medicare,Medicare-ChronicDiseaseManagement,MedicareandBetterAccesstoMentalHealth,NDIS,TAC(VIC),Transportaccidentbodies(stateandterritory),Workerscompensationschemes(stateandterritory),WorkSafe(VIC,ACT,NT,TAS),BetterAccesstoMentalHealth(BAMH)Endorsed","AutismSpectrumDisorder,FoundationSkills,IntellectualDisability,Paediatrics,ProfessionalSupervision,Leadership/Management,Medico-LegalPractice,Disability,NDISPractice,PrivatePracticeArea,Modifications/Access,MentalHealthinc.forensicAODandrefugees,NeurologicalConditions"
"Qualia Occupational Therapy for Children","Bryony Crowe",N/A,"62 Gladesville Road ","HUNTERS HILL",NSW,AUSTRALIA,"2110 ","AutismSpectrumDisorders,NDIS,Medicare,EnhancedPrimaryCare","FoundationSkills,IntellectualDisability,NDISPractice,Paediatrics,AutismSpectrumDisorder,CulturalCompetency,Disability,NeurologicalConditions,PrivatePracticeArea,AssistiveTechnology,Rehabilitation,Research/Education"
"Weave OT","Lisa Murray",0406235805,N/A,BELMONT,VIC,N/A,"3216 ","AgedCare(CommonwealthHomeSupportProgramme/HomeCarePackages),Aidsandequipmentschemes(stateandterritory),NDIS","AgedCarePractice,AssistiveTechnology,AutismSpectrumDisorder,CulturalCompetency,Disability,MentalHealthinc.forensicAODandrefugees,Modifications/Access,NDISPractice,NeurologicalConditions,VisionImpairment"
"Develop Therapy Services","Sonya Murchland",N/A,"214 Port Road ",HINDMARSH,SA,AUSTRALIA,"5007 ","NDIS,Medicare,Medicare-ChronicDiseaseManagement,BetterAccesstoMentalHealth(BAMH)Endorsed","AssistiveTechnology,Modifications/Access,Paediatrics,Research/Education,Disability,NDISPractice"
"Your Way Occupational Therapy","Helen Parkyn",N/A,"PO Box 286 ",HAHNDORF,SA,AUSTRALIA,"5245 ","NDIS,Medicare,EnhancedPrimaryCare","Medico-LegalPractice,NeurologicalConditions,Disability,Modifications/Access,NDISPractice,AgedCarePractice,PrivatePracticeArea,Driving,AssistiveTechnology,Paediatrics"
"National 360","Karen Coller",0432300550,"43 Dixon Crt ",BORONIA,"3155 ",AUSTRALIA,N/A,N/A,N/A
"ParaQuad NSW -","Amy de Paula",N/A,"6 Holker St ",NEWINGTON,NSW,AUSTRALIA,"2127 ","SIRA(NSW),NDIS,Transportaccidentbodies(stateandterritory),Workerscompensationschemes(stateandterritory),Aidsandequipmentschemes(stateandterritory),iCare(NSW)","Leadership/Management,NeurologicalConditions,AgedCarePractice,Disability,Paediatrics,Rehabilitation,CarerandConsumerFocus,NDISPractice,Research/Education,Modifications/Access,AssistiveTechnology"
Uniting,"Laura Forbes",0468544154,"105 DANA STREET ","BALLARAT CENTRAL",VIC,AUSTRALIA,"3350 ",BetterAccesstoMentalHealth(BAMH)Endorsed,N/A
"LifeWorks Occupational Therapy","Jacintha Bell",0451178880,"23/3 Wexford Street ",SUBIACO,WA,AUSTRALIA,"6060 ","MedicareandBetterAccesstoMentalHealth,WorkSafe(VIC,ACT,NT,TAS),Comcare,DepartmentofVeterans'Affairs(DVA),EnhancedPrimaryCare,Medicare,Medicare-ChronicDiseaseManagement,NDIS,TAC(VIC),Workerscompensationschemes(stateandterritory),Workcover(QLD,WA),Transportaccidentbodies(stateandterritory),BetterAccesstoMentalHealth(BAMH)Endorsed","PainManagement,ProfessionalSupervision,NonClinicalProfessionalDevelopment,AutismSpectrumDisorder,Disability,IntellectualDisability,KnowledgeTranslation,Leadership/Management,PolicyandProcess,Research/Education,Rehabilitation,PrimaryHealth,MentalHealthinc.forensicAODandrefugees,NDISPractice,PrivatePracticeArea,OtherPractice,NeurologicalConditions"
"Boomerang Effect Pty Ltd","Theresa Novak",0425278787,"Services Area ",BOTANY,NSW,AUSTRALIA,"2019 ",Medicare,"NDISPractice,PrivatePracticeArea,Leadership/Management,MentalHealthinc.forensicAODandrefugees,ProfessionalSupervision,Research/Education"
"Nourish and Connect","Nicole Amery",N/A,"19 Coventry Drive ",ATHELSTONE,SA,AUSTRALIA,"5076 ",N/A,"PrivatePracticeArea,AutismSpectrumDisorder,Leadership/Management,NDISPractice,PrimaryHealth,Paediatrics"
"Enhance Therapy Solutions","Natasa Zulamoski",N/A,N/A,"SOUTHWEST SYDNEY",N/A,N/A,N/A,NDIS,"AssistiveTechnology,AutismSpectrumDisorder,Disability,IntellectualDisability,NDISPractice,Paediatrics,PrivatePracticeArea"
"Elizabeth Wall   Occupational Therapy Private Practice","Libby Wall",N/A,"PO Box 509 ",WANGARATTA,VIC,AUSTRALIA,"3676 ","AutismSpectrumDisorders,NDIS,Medicare,Aidsandequipmentschemes(stateandterritory)","AssistiveTechnology,AutismSpectrumDisorder,PrivatePracticeArea,IntellectualDisability,Paediatrics,Disability,NDISPractice"
"Clarity Health Care","Linsie Davies",N/A,"4/50 Albert street ","BRUNSWICK EAST",VIC,AUSTRALIA,"3057 ","DepartmentofVeterans'Affairs(DVA),Medicare,Medicare-ChronicDiseaseManagement,BetterAccesstoMentalHealth(BAMH)Endorsed","MentalHealthinc.forensicAODandrefugees,PrimaryHealth"
"Jessica Carter OT","Jessica Carter",N/A,"11 Huskisson st ","GYMEA BAY",NSW,AUSTRALIA,"2227 ",BetterAccesstoMentalHealth(BAMH)Endorsed,"Paediatrics,Disability"
"Ballina Occupational Therapy","Heidi Craig",N/A,"Ballina Occupational Therapy 1D / 99 Tamar Street",BALLINA,NSW,AUSTRALIA,"2478 ","AgedCare(CommonwealthHomeSupportProgramme/HomeCarePackages),Aidsandequipmentschemes(stateandterritory),DepartmentofVeterans'Affairs(DVA),Medicare,Medicare-ChronicDiseaseManagement,MedicareandBetterAccesstoMentalHealth,NDIS,BetterAccesstoMentalHealth(BAMH)Endorsed","AssistiveTechnology,IntellectualDisability,NDISPractice,PrivatePracticeArea,Modifications/Access,Paediatrics,Driving,Disability"
"Early Intervention snd Capacity Building Team","Louise Scheidl",N/A,"4/155 High Street ",WODONGA,VIC,AUSTRALIA,"3690 ",N/A,"PrimaryHealth,Paediatrics,MentalHealthinc.forensicAODandrefugees,NDISPractice,OtherPractice,PrivatePracticeArea"
"Parkville College","Cathryn Hooker",0452633742,"930 PARK ST ",PARKVILLE,VIC,AUSTRALIA,"3052 ","Medicare,MedicareandBetterAccesstoMentalHealth,Medicare-ChronicDiseaseManagement,BetterAccesstoMentalHealth(BAMH)Endorsed","MentalHealthinc.forensicAODandrefugees,PrimaryHealth,PrivatePracticeArea"
"Ability Beyond Therapy (Early childhood intervention)","Debashis Mondal",0468769171,N/A,"Suite 3","314-360 Childs Road ",AUSTRALIA,N/A,"NDIS,AutismSpectrumDisorders","IntellectualDisability,NDISPractice,AutismSpectrumDisorder,Paediatrics"
"Tashacare Australia","Angus McIlroy",N/A,"436 HIGH ST ",NORTHCOTE,VIC,AUSTRALIA,"3070 ",NDIS,"Disability,AutismSpectrumDisorder,AssistiveTechnology,IntellectualDisability,NDISPractice"
"Occupational Therapy Ex-Press PTY LTD","Jessica Press",N/A,N/A,"Unit 8","215-217 Grand Promenade ",AUSTRALIA,N/A,"DepartmentofVeterans'Affairs(DVA),EnhancedPrimaryCare,Medicare-ChronicDiseaseManagement,NDIS","AutismSpectrumDisorder,Disability,IntellectualDisability,MentalHealthinc.forensicAODandrefugees,NDISPractice,NeurologicalConditions,OH&S/Ergonomics,OtherPractice,PainManagement,PrivatePracticeArea"
"Health & Wellness Rehab Pty Ltd","Minh Lam",0401858329,"HWR PO BOX 4043","WESTON CREEK",ACT,AUSTRALIA,"2611 ",N/A,"Medico-LegalPractice,PainManagement,OH&S/Ergonomics,OccupationalRehab,Modifications/Access"
"Out N About OT","Donna Reilly",N/A,"PO Box 7004 ","MOUNT ANNAN",NSW,AUSTRALIA,"2567 ","AgedCare(CommonwealthHomeSupportProgramme/HomeCarePackages),Aidsandequipmentschemes(stateandterritory),DepartmentofVeterans'Affairs(DVA),EnhancedPrimaryCare,Medicare-ChronicDiseaseManagement,NDIS","Disability,Rehabilitation,AssistiveTechnology,NDISPractice,NeurologicalConditions,AgedCarePractice,PrivatePracticeArea"
"Happy Chatter","Clare Seymour",N/A,"108 BORONIA ROAD ",BORONIA,VIC,AUSTRALIA,"3155 ",N/A,N/A
"Ripples Therapy","Jennifer Sargeant",0497161077,N/A,LITHGOW,NSW,N/A,"2790 ",NDIS,"AutismSpectrumDisorder,PrivatePracticeArea,FoundationSkills,NeurologicalConditions,IntellectualDisability,Paediatrics,Disability,Rehabilitation,Modifications/Access,NDISPractice,OccupationalRehab,OH&S/Ergonomics,AssistiveTechnology"
"Cerebral Palsy Alliance - Orange","Bethany Clark",N/A,"95 Prince Street ",ORANGE,NSW,AUSTRALIA,"2800 ",NDIS,"Disability,NDISPractice,AssistiveTechnology,Rehabilitation,NeurologicalConditions,Paediatrics"
"Health Nest","Amy Geach",0400024243,"85 Elphin Road QV Building",NEWSTEAD,TAS,AUSTRALIA,"7250 ","DepartmentofVeterans'Affairs(DVA),Comcare,EnhancedPrimaryCare,Medicare,Medicare-ChronicDiseaseManagement,NDIS,WorkSafe(VIC,ACT,NT,TAS),Workerscompensationschemes(stateandterritory),Transportaccidentbodies(stateandterritory)","HandTherapy/Lymphedema,NeurologicalConditions,OH&S/Ergonomics,OtherPractice,PrivatePracticeArea"
"Korina Johnson - Milestones Occupational Therapy","Korina Johnson",0400993036,"GPO Box 2579 ",PERTH,WA,AUSTRALIA,"6000 ","NDIS,Medicare,Medicare-ChronicDiseaseManagement","AutismSpectrumDisorder,NDISPractice,Paediatrics,Disability"
"Fairstart Early Intervention","Megan Wiblen",N/A,"57 DEVENISH ST ","GREENFIELD PARK",NSW,AUSTRALIA,"2176 ","AutismSpectrumDisorders,EnhancedPrimaryCare,Medicare,MedicareandBetterAccesstoMentalHealth,NDIS,Medicare-ChronicDiseaseManagement","AutismSpectrumDisorder,AssistiveTechnology,Disability,IntellectualDisability,NDISPractice,Paediatrics"
"Reboundrehab Pty Ltd -","Kaye Bruce",N/A,"215 - 219 George Street ",LIVERPOOL,NSW,AUSTRALIA,"2170 ","NDIS,Workerscompensationschemes(stateandterritory),Workcover(QLD,WA),TAC(VIC),Transportaccidentbodies(stateandterritory)","Disability,OccupationalRehab,NeurologicalConditions,NDISPractice,Rehabilitation"
"Conscious Health Clinic","Daniel Poliquin",0404972912,N/A,N/A,N/A,N/A,N/A,"Aidsandequipmentschemes(stateandterritory),AutismSpectrumDisorders,Medicare,Medicare-ChronicDiseaseManagement,NDIS","Disability,Modifications/Access,NDISPractice,NeurologicalConditions,PrivatePracticeArea,Rehabilitation,Paediatrics"
"Red Tail Therapy","Anita Hunt",0484095477,"Mobile / teletherapy ","SCENIC RIM","GOLD COAST",N/A,LOGAN,"EnhancedPrimaryCare,AutismSpectrumDisorders,Medicare,Medicare-ChronicDiseaseManagement,NDIS","IntellectualDisability,Rehabilitation,PainManagement,AutismSpectrumDisorder,HandTherapy/Lymphedema,NeurologicalConditions,PalliativeCareandOncology,ProfessionalSupervision,Paediatrics,Disability,NDISPractice,PrivatePracticeArea,Modifications/Access,AssistiveTechnology"
"Nexus Primary Health","Kathryn Lewer",N/A,"72 Ferguson Street ",BROADFORD,VIC,AUSTRALIA,"3658 ","Medicare,BetterAccesstoMentalHealth(BAMH)Endorsed","PrimaryHealth,Paediatrics"
"Live Well Occupational Therapy Services","Emma Farrugia",0401361163,N/A,PERTH,WA,N/A,N/A,"MedicareandBetterAccesstoMentalHealth,EnhancedPrimaryCare,Medicare-ChronicDiseaseManagement,Medicare,DepartmentofVeterans'Affairs(DVA),NDIS,Workcover(QLD,WA),Workerscompensationschemes(stateandterritory),BetterAccesstoMentalHealth(BAMH)Endorsed","AgedCarePractice,Medico-LegalPractice,AssistiveTechnology,Modifications/Access,MentalHealthinc.forensicAODandrefugees,NDISPractice,NeurologicalConditions,PrivatePracticeArea,Rehabilitation"
"Royal Melbourne  Hospital - Royal Park campus","Belinda Woods",N/A,N/A,FITZROY,VIC,N/A,"3065 ",N/A,Rehabilitation
"Natalie B Paediatric Occupational Therapy","Natalie Bishara",0423291755,"11 Cavell Street ",SCORESBY,VICTORIA,AUSTRALIA,"3179 ","AutismSpectrumDisorders,NDIS,Medicare-ChronicDiseaseManagement","AutismSpectrumDisorder,NDISPractice,NeurologicalConditions,Paediatrics,PrivatePracticeArea"
"Little TheraPeas","Rebecca Lockyer",0753756322,"51 BELLS REACH DR ","CALOUNDRA WEST",QLD,AUSTRALIA,"4551 ","MedicareandBetterAccesstoMentalHealth,Medicare,Medicare-ChronicDiseaseManagement,AutismSpectrumDisorders,EnhancedPrimaryCare,NDIS,BetterAccesstoMentalHealth(BAMH)Endorsed","ProfessionalSupervision,AutismSpectrumDisorder,Paediatrics,PrivatePracticeArea"
"WELLNESS OCCUPATIONAL THERAPY","Helena Robbins",0410350905,"PO BOX 47 ","EVERTON PARK",QLD,AUSTRALIA,"4053 ","AgedCare(CommonwealthHomeSupportProgramme/HomeCarePackages),Aidsandequipmentschemes(stateandterritory),DepartmentofVeterans'Affairs(DVA),Medicare-ChronicDiseaseManagement,MedicareandBetterAccesstoMentalHealth,NDIS,BetterAccesstoMentalHealth(BAMH)Endorsed","AgedCarePractice,AssistiveTechnology,Leadership/Management,ProfessionalSupervision,NeurologicalConditions,Rehabilitation,Modifications/Access,Disability,OH&S/Ergonomics"
"Early Start Australia","Kathleen Walmsley",0424288779,"104 Keightley Road ","SHENTON PARK",WA,AUSTRALIA,"6018 ","AutismSpectrumDisorders,NDIS,BetterAccesstoMentalHealth(BAMH)Endorsed","Research/Education,Disability,NDISPractice,PrivatePracticeArea,Paediatrics"
"National Occupational Therapy","Ashley Pedersen",0411347607,N/A,N/A,N/A,N/A,N/A,"AgedCare(CommonwealthHomeSupportProgramme/HomeCarePackages),Aidsandequipmentschemes(stateandterritory),Medicare,NDIS","AssistiveTechnology,Disability,Modifications/Access,NDISPractice,MentalHealthinc.forensicAODandrefugees,Paediatrics"
"Li OT Services","Li Li",0433170080,"Unit 613  582 St Kilda Road ",MELBOURNE,VIC,AUSTRALIA,"3004 ","WorkSafe(VIC,ACT,NT,TAS),Transportaccidentbodies(stateandterritory),AgedCare(CommonwealthHomeSupportProgramme/HomeCarePackages),Aidsandequipmentschemes(stateandterritory),Comcare,Medicare,Medicare-ChronicDiseaseManagement,NDIS,TAC(VIC),Workerscompensationschemes(stateandterritory)","FoundationSkills,VisionImpairment,AgedCarePractice,CarerandConsumerFocus,KnowledgeTranslation,NonClinicalProfessionalDevelopment,PrivatePracticeArea,Modifications/Access,AcuteCareRehab/Hospital,NDISPractice,NeurologicalConditions,Research/Education,CulturalCompetency,IntellectualDisability,PainManagement,PrimaryHealth,ProfessionalSupervision,AssistiveTechnology,Disability,Rehabilitation,OH&S/Ergonomics"
"Bridges Health and Community Care","Jennifer Ritchie",0437870900,"341F Bourbong Street ",BUNDABERG,QLD,AUSTRALIA,"4670 ","Aidsandequipmentschemes(stateandterritory),Medicare,EnhancedPrimaryCare,Medicare-ChronicDiseaseManagement,NDIS","AutismSpectrumDisorder,OH&S/Ergonomics,Rehabilitation,Modifications/Access,MentalHealthinc.forensicAODandrefugees,NDISPractice,NeurologicalConditions,Research/Education,Disability,AssistiveTechnology"
"Second Skin Pty Ltd","Tanya Mitchell",N/A,"Area(s) of Practice:",Rehabilitation,"Primary Health",N/A,N/A,N/A,"Rehabilitation,PrimaryHealth"
"Early Start Australia - 580 High Street, Penrith, New South Wales, Australia","Ashleigh Fairbairn",N/A,"580 High Street ",PENRITH,NSW,AUSTRALIA,"2750 ","NDIS,MedicareandBetterAccesstoMentalHealth,Medicare-ChronicDiseaseManagement,BetterAccesstoMentalHealth(BAMH)Endorsed",Paediatrics
"Early Years Occupational Therapy","Kate Duckworth",N/A,N/A,"ST AGNES",SA,N/A,"5097 ","Medicare,Medicare-ChronicDiseaseManagement,NDIS,AutismSpectrumDisorders","Paediatrics,NDISPractice"
"River Kids Therapy","Leah Williams",N/A,"Shop 4 210-212 Pakenham St",ECHUCA,VIC,AUSTRALIA,"3564 ","EnhancedPrimaryCare,Medicare,MedicareandBetterAccesstoMentalHealth,NDIS,BetterAccesstoMentalHealth(BAMH)Endorsed","AutismSpectrumDisorder,NDISPractice,Modifications/Access,PrivatePracticeArea,ProfessionalSupervision,Paediatrics"
"Metamorphosis Ability","Marcella Levey",0417627008,"97 Mullimburra Point Road ",BINGIE,NSW,AUSTRALIA,"2537 ",NDIS,"AutismSpectrumDisorder,IntellectualDisability,NDISPractice,NeurologicalConditions,NonClinicalProfessionalDevelopment,PrivatePracticeArea,VisionImpairment,OH&S/Ergonomics,Paediatrics,PrimaryHealth,Disability,AssistiveTechnology,Modifications/Access"
"Health Potential","Roslyn Nixon",0416070223,N/A,"Level 1/Suite 4 Palfreyman's Arcade","340 Elizabeth Street",AUSTRALIA,N/A,"DepartmentofVeterans'Affairs(DVA),EnhancedPrimaryCare,AgedCare(CommonwealthHomeSupportProgramme/HomeCarePackages)","AssistiveTechnology,CarerandConsumerFocus,Modifications/Access,AgedCarePractice,PrivatePracticeArea"
"Janine Painter Occupational Therapy Services","Jacqueline Haidar",N/A,"Suite 3 14-16 Central rd ",MIRANDA,NSW,AUSTRALIA,"2228 ","AutismSpectrumDisorders,BetterAccesstoMentalHealth(BAMH)Endorsed",Paediatrics
"Complete OT Support","Joanne Cooper",N/A,N/A,"TEMPLESTOWE LOWER",VIC,N/A,N/A,"Aidsandequipmentschemes(stateandterritory),NDIS,TAC(VIC)","AgedCarePractice,NDISPractice,NeurologicalConditions,PrivatePracticeArea,AssistiveTechnology,Rehabilitation,Modifications/Access,Disability"
"Life OT, Occupational Therapy Services",N/A,N/A,N/A,N/A,N/A,N/A,N/A,N/A,N/A
"Sensational Kids SA","Kathryn Beattie",N/A,N/A,"Shop 8","2 Malone Street ",AUSTRALIA,N/A,"NDIS,Medicare-ChronicDiseaseManagement,AutismSpectrumDisorders,Medicare,BetterAccesstoMentalHealth(BAMH)Endorsed","Paediatrics,NDISPractice,MentalHealthinc.forensicAODandrefugees"
Occumax,"Shanley Diamond",0421168005,"3 Amelia Drive ",MACKAY,QLD,AUSTRALIA,"4740 ",N/A,N/A
"Rehab 360 Pty Ltd","Deborah Sharp",N/A,"PO Box 200 ",GLENBROOK,NSW,AUSTRALIA,"2773 ",N/A,"Rehabilitation,AssistiveTechnology"
"Thrive Rehab","Anita Brown-Major",0424034096,"PO box 42 Brunswick South LPO ","BRUNSWICK WEST",VIC,AUSTRALIA,"3055 ","NDIS,TAC(VIC)","Rehabilitation,Disability,NDISPractice,NeurologicalConditions,OtherPractice,PrivatePracticeArea,AssistiveTechnology"
